005f3481,/home/astrocipher/deepfense-framework/temp_audio/005f3481.flac,0.0,Unknown
d39366d0,/home/astrocipher/deepfense-framework/temp_audio/d39366d0.flac,0.0,Unknown
a351334c,/home/astrocipher/deepfense-framework/temp_audio/a351334c.flac,0.0,Unknown
53662fde,/home/astrocipher/deepfense-framework/temp_audio/53662fde.flac,0.0,Unknown
12e2f25c,/home/astrocipher/deepfense-framework/temp_audio/12e2f25c.flac,0.0,Unknown
2bc818a0,/home/astrocipher/deepfense-framework/temp_audio/2bc818a0.flac,0.0,Unknown
88f02328,/home/astrocipher/deepfense-framework/temp_audio/88f02328.flac,0.0,Unknown
6ba7c15f,/home/astrocipher/deepfense-framework/temp_audio/6ba7c15f.flac,0.0,Unknown
0401fd92,/home/astrocipher/deepfense-framework/temp_audio/0401fd92.flac,0.0,Unknown
6c8ea5a1,/home/astrocipher/deepfense-framework/temp_audio/6c8ea5a1.flac,0.0,Unknown
8a71b06c,/home/astrocipher/deepfense-framework/temp_audio/8a71b06c.flac,0.0,Unknown
ebaecd0b,/home/astrocipher/deepfense-framework/temp_audio/ebaecd0b.flac,0.0,Unknown
91451879,/home/astrocipher/deepfense-framework/temp_audio/91451879.flac,0.0,Unknown
43ec09ab,/home/astrocipher/deepfense-framework/temp_audio/43ec09ab.flac,0.0,Unknown
729a0744,/home/astrocipher/deepfense-framework/temp_audio/729a0744.flac,0.0,Unknown
aeb99eec,/home/astrocipher/deepfense-framework/temp_audio/aeb99eec.flac,0.0,Unknown
61796a8b,/home/astrocipher/deepfense-framework/temp_audio/61796a8b.flac,-1.2036432,spoof
d11faab0,/home/astrocipher/deepfense-framework/temp_audio/d11faab0.flac,-1.2036432,spoof
7a890454,/home/astrocipher/deepfense-framework/temp_audio/7a890454.flac,-3.06889892,spoof
19a01aca,/home/astrocipher/deepfense-framework/temp_audio/19a01aca.flac,5.44419956,bonafide
631b7722,/home/astrocipher/deepfense-framework/temp_audio/631b7722.mp3,5.40297222,bonafide
c9b5fdaa,/home/astrocipher/deepfense-framework/temp_audio/c9b5fdaa.mp3,5.27549505,bonafide
84906781,/home/astrocipher/deepfense-framework/temp_audio/84906781.flac,4.314459483333334,bonafide
5063c863,/home/astrocipher/deepfense-framework/temp_audio/5063c863.flac,4.314459483333334,bonafide
5307b98c,/home/astrocipher/deepfense-framework/temp_audio/5307b98c.flac,4.314459483333334,bonafide
26bccfda,/home/astrocipher/deepfense-framework/temp_audio/26bccfda.flac,4.314459483333334,bonafide
013f0aef,/home/astrocipher/deepfense-framework/temp_audio/013f0aef.flac,4.314459483333334,bonafide
14fdb34c,/home/astrocipher/deepfense-framework/temp_audio/14fdb34c.flac,4.314459483333334,bonafide
fd37ea27,/home/astrocipher/deepfense-framework/temp_audio/fd37ea27.flac,4.314459483333334,bonafide
c9c1d6dc,/home/astrocipher/deepfense-framework/temp_audio/c9c1d6dc.flac,5.402601955,bonafide
dafaee06,/home/astrocipher/deepfense-framework/temp_audio/dafaee06.flac,5.47012806,bonafide
c04061c1,/home/astrocipher/deepfense-framework/temp_audio/c04061c1.flac,5.40260172,bonafide
de61d702,/home/astrocipher/deepfense-framework/temp_audio/de61d702.flac,5.470130685,bonafide
9ea342df,/home/astrocipher/deepfense-framework/temp_audio/9ea342df.mp3,5.410490339090909,bonafide
15068595,/home/astrocipher/deepfense-framework/temp_audio/15068595.mp3,5.410490771818181,bonafide
200c9077,/home/astrocipher/deepfense-framework/temp_audio/200c9077.mp3,5.261041116,bonafide
a7c3c473,/home/astrocipher/deepfense-framework/temp_audio/a7c3c473.flac,4.314461629999999,bonafide
f64e8af7,/home/astrocipher/deepfense-framework/temp_audio/f64e8af7.flac,-3.992957,spoof
be7e6bab,/home/astrocipher/deepfense-framework/temp_audio/be7e6bab.flac,-4.17257273,spoof
5b175d4c,/home/astrocipher/deepfense-framework/temp_audio/5b175d4c.mp3,5.331631858333332,bonafide
a6abc546,/home/astrocipher/deepfense-framework/temp_audio/a6abc546.mp3,5.420902123636363,bonafide
2a4ca75a,/home/astrocipher/deepfense-framework/temp_audio/2a4ca75a.mp3,5.33163178,bonafide
5c8da1bd,/home/astrocipher/deepfense-framework/temp_audio/5c8da1bd.mp3,5.30904162,bonafide
2b644249,/home/astrocipher/deepfense-framework/temp_audio/2b644249.mp3,5.261042356,bonafide
623de51a,/home/astrocipher/deepfense-framework/temp_audio/623de51a.mp3,5.410490469090909,bonafide
4e1ea426,/home/astrocipher/deepfense-framework/temp_audio/4e1ea426.mp3,5.437892356666667,bonafide
8d9c9b46,/home/astrocipher/deepfense-framework/temp_audio/8d9c9b46.mp3,5.373525011818182,bonafide
f3b2e814,/home/astrocipher/deepfense-framework/temp_audio/f3b2e814.mp3,5.4209022099999995,bonafide
424eb857,/home/astrocipher/deepfense-framework/temp_audio/424eb857.mp3,5.4209022099999995,spoof
7037b726,/home/astrocipher/deepfense-framework/temp_audio/7037b726.flac,-0.6280381649999998,spoof
aaaaa3a7,/home/astrocipher/deepfense-framework/temp_audio/aaaaa3a7.flac,-4.476313115,spoof
6a48f3e4,/home/astrocipher/deepfense-framework/temp_audio/6a48f3e4.flac,-2.065491235,spoof
ecc98f5f,/home/astrocipher/deepfense-framework/temp_audio/ecc98f5f.flac,-0.6280381649999998,spoof
cf4f2b86,/home/astrocipher/deepfense-framework/temp_audio/cf4f2b86.flac,-4.476313115,spoof
56f92fbf,/home/astrocipher/deepfense-framework/temp_audio/56f92fbf.flac,-2.065491235,spoof
936c5fd5,/home/astrocipher/deepfense-framework/temp_audio/936c5fd5.flac,5.47013092,spoof
6641968c,/home/astrocipher/deepfense-framework/temp_audio/6641968c.flac,5.470130205,spoof
4e4365cb,/home/astrocipher/deepfense-framework/temp_audio/4e4365cb.mp3,5.4209023836363635,spoof
9b27c617,/home/astrocipher/deepfense-framework/temp_audio/9b27c617.mp3,5.331631462500001,spoof
59d04f79,/home/astrocipher/deepfense-framework/temp_audio/59d04f79.mp3,5.410490425454546,spoof
18a3082b,/home/astrocipher/deepfense-framework/temp_audio/18a3082b.flac,5.470130205,spoof
f3905e22,/home/astrocipher/deepfense-framework/temp_audio/f3905e22.mp3,5.419687530909091,spoof
8af1d1a5,/home/astrocipher/deepfense-framework/temp_audio/8af1d1a5.mp3,5.328740795000001,spoof
9bb5e97d,/home/astrocipher/deepfense-framework/temp_audio/9bb5e97d.mp3,5.409455992727273,spoof
0d3e0586,/home/astrocipher/deepfense-framework/temp_audio/0d3e0586.mp3,0.0,bonafide
5baa4491,/home/astrocipher/deepfense-framework/temp_audio/5baa4491.mp3,0.0,bonafide
fb02ba92,/home/astrocipher/deepfense-framework/temp_audio/fb02ba92.mp3,5.420294543636364,spoof
472c76e2,/home/astrocipher/deepfense-framework/temp_audio/472c76e2.wav,-1.16366273,spoof
cacf96df,/home/astrocipher/deepfense-framework/temp_audio/cacf96df.wav,1.241375685,spoof
c2b94705,/home/astrocipher/deepfense-framework/temp_audio/c2b94705.wav,0.5720399,spoof
93239415,/home/astrocipher/deepfense-framework/temp_audio/93239415.wav,-1.1636607049999999,spoof
1e9ce377,/home/astrocipher/deepfense-framework/temp_audio/1e9ce377.wav,1.2413740149999999,bonafide
69123d7e,/home/astrocipher/deepfense-framework/temp_audio/69123d7e.wav,0.5720365649999999,spoof
a669aab1,/home/astrocipher/deepfense-framework/temp_audio/a669aab1.wav,-0.26698792,spoof
ac539564,/home/astrocipher/deepfense-framework/temp_audio/ac539564.wav,0.66026801,spoof
28efa7ea,/home/astrocipher/deepfense-framework/temp_audio/28efa7ea.wav,-1.1636607049999999,spoof
3dac65ae,/home/astrocipher/deepfense-framework/temp_audio/3dac65ae.wav,1.2413740149999999,bonafide
40bac67d,/home/astrocipher/deepfense-framework/temp_audio/40bac67d.wav,0.5720365649999999,spoof
99a631f3,/home/astrocipher/deepfense-framework/temp_audio/99a631f3.wav,-0.26698792,spoof
8c9b8a5f,/home/astrocipher/deepfense-framework/temp_audio/8c9b8a5f.wav,0.66026801,spoof
ab9f9034,/home/astrocipher/deepfense-framework/temp_audio/ab9f9034.wav,-1.163659275,spoof
ee70aaa8,/home/astrocipher/deepfense-framework/temp_audio/ee70aaa8.wav,1.24137199,bonafide
de6a7326,/home/astrocipher/deepfense-framework/temp_audio/de6a7326.wav,0.57203734,spoof
216089c9,/home/astrocipher/deepfense-framework/temp_audio/216089c9.wav,-0.26699892,spoof
12ab9b8c,/home/astrocipher/deepfense-framework/temp_audio/12ab9b8c.wav,0.6602635400000001,spoof
de9bd18c,/home/astrocipher/deepfense-framework/temp_audio/de9bd18c.wav,2.477215765,bonafide
f06bb9ac,/home/astrocipher/deepfense-framework/temp_audio/f06bb9ac.wav,3.175772284,bonafide
fcec711e,/home/astrocipher/deepfense-framework/temp_audio/fcec711e.wav,3.175772284,bonafide
3e8f6ff0,/home/astrocipher/deepfense-framework/temp_audio/3e8f6ff0.mp3,1.6000635955769231,bonafide
8bc44355,/home/astrocipher/deepfense-framework/temp_audio/8bc44355.mp3,2.8435555850000003,bonafide
b2abbff3,/home/astrocipher/deepfense-framework/temp_audio/b2abbff3.mp3,2.880239365,bonafide
e82f1b9e,/home/astrocipher/deepfense-framework/temp_audio/e82f1b9e.mp3,2.8435555850000003,spoof
384180ec,/home/astrocipher/deepfense-framework/temp_audio/384180ec.mp3,2.880239365,bonafide
4c16009c,/home/astrocipher/deepfense-framework/temp_audio/4c16009c.mp3,2.8435554654999997,spoof
61ec6442,/home/astrocipher/deepfense-framework/temp_audio/61ec6442.mp3,2.880239185,bonafide
35635776,/home/astrocipher/deepfense-framework/temp_audio/35635776.wav,2.515454705,bonafide
633d6f4a,/home/astrocipher/deepfense-framework/temp_audio/633d6f4a.wav,3.204235195,bonafide
af17e78e,/home/astrocipher/deepfense-framework/temp_audio/af17e78e.wav,4.04544353,bonafide
c641d5af,/home/astrocipher/deepfense-framework/temp_audio/c641d5af.wav,3.6247828,bonafide
e48b7efe,/home/astrocipher/deepfense-framework/temp_audio/e48b7efe.wav,-1.6989571149999998,spoof
e7900ff4,/home/astrocipher/deepfense-framework/temp_audio/e7900ff4.wav,-3.6517732150000004,spoof
c649dde4,/home/astrocipher/deepfense-framework/temp_audio/c649dde4.wav,3.6247828,bonafide
3b16d98b,/home/astrocipher/deepfense-framework/temp_audio/3b16d98b.wav,-0.31833577,bonafide
e4a32df6,/home/astrocipher/deepfense-framework/temp_audio/e4a32df6.wav,0.91580039,bonafide
64afafd6,/home/astrocipher/deepfense-framework/temp_audio/64afafd6.wav,0.14868463,spoof
2289b04d,/home/astrocipher/deepfense-framework/temp_audio/2289b04d.wav,-1.00317192,bonafide
34eda78b,/home/astrocipher/deepfense-framework/temp_audio/34eda78b.wav,2.23508817,bonafide
bfe8a0b3,/home/astrocipher/deepfense-framework/temp_audio/bfe8a0b3.wav,0.6602621049999999,bonafide
be3de2b2,/home/astrocipher/deepfense-framework/temp_audio/be3de2b2.wav,3.594840885,bonafide
3c1cb046,/home/astrocipher/deepfense-framework/temp_audio/3c1cb046.wav,2.477214935,bonafide
ae7e78cc,/home/astrocipher/deepfense-framework/temp_audio/ae7e78cc.wav,0.21799135000000014,bonafide
3641fdb3,/home/astrocipher/deepfense-framework/temp_audio/3641fdb3.wav,3.204235315,bonafide
e1f5629f,/home/astrocipher/deepfense-framework/temp_audio/e1f5629f.wav,-0.26700014,bonafide
39ecfc50,/home/astrocipher/deepfense-framework/temp_audio/39ecfc50.wav,-0.26700014,spoof
f31a0ad0,/home/astrocipher/deepfense-framework/temp_audio/f31a0ad0.wav,-4.013091205,spoof
e01494c6,/home/astrocipher/deepfense-framework/temp_audio/e01494c6.wav,-4.36704445,spoof
25168a17,/home/astrocipher/deepfense-framework/temp_audio/25168a17.wav,-4.432201624999999,spoof
8d3a6896,/home/astrocipher/deepfense-framework/temp_audio/8d3a6896.ogg,2.9374438924999997,bonafide
